id,first_name,last_name,email,gender,ip_address
1,Laurette,Goodhay,lgoodhay0@house.gov,Female,197.252.93.7
2,Natalya,Ivankov,nivankov1@blogs.com,Female,30.146.229.8
3,Tracee,Caveau,tcaveau2@vk.com,Female,6.191.221.241
4,Carolynn,Fennessy,cfennessy3@stumbleupon.com,Female,131.18.185.109
5,Bambi,Marcu,bmarcu4@unesco.org,Female,219.6.8.14
6,Si,Carl,scarl5@ucoz.ru,Male,171.165.50.219
7,Neil,Pringley,npringley6@sogou.com,Male,41.189.130.241
8,Clovis,Ruxton,cruxton7@webs.com,Female,112.185.169.68
9,Pegeen,Mapplebeck,pmapplebeck8@paypal.com,Female,141.145.237.55
10,Gaven,Briddock,gbriddock9@alexa.com,Male,75.189.146.46
11,Elizabet,Turneaux,eturneauxa@com.com,Female,90.139.35.27
12,Raeann,Erricker,rerrickerb@wisc.edu,Female,74.23.172.80
13,Joye,Mazillius,jmazilliusc@privacy.gov.au,Female,182.246.93.241
14,Ernestus,Easman,eeasmand@purevolume.com,Male,31.172.106.13
15,Padraic,Garry,pgarrye@twitpic.com,Male,27.26.221.229
16,Brenden,Nunson,bnunsonf@hostgator.com,Male,231.254.16.252
17,Jenilee,Baly,jbalyg@cbc.ca,Female,188.66.163.72
18,Ansel,McClinton,amcclintonh@hugedomains.com,Male,193.171.12.232
19,Cristabel,Lovett,clovetti@hc360.com,Female,62.234.225.12
20,Nicolis,Ratazzi,nratazzij@boston.com,Male,207.251.0.174
21,Dusty,Bedells,dbedellsk@toplist.cz,Female,242.199.71.39
22,Tori,Tremblay,ttremblayl@nih.gov,Female,247.92.82.25
23,Kirk,Batecok,kbatecokm@photobucket.com,Male,223.242.228.234
24,Zachery,Filipic,zfilipicn@bloomberg.com,Male,161.198.86.21
25,Edsel,Beardsall,ebeardsallo@springer.com,Male,116.224.222.139
26,Laurella,Mueller,lmuellerp@bing.com,Female,244.91.204.240
27,Harmony,Cafe,hcafeq@ebay.com,Female,29.141.113.30
28,Ervin,Percy,epercyr@free.fr,Male,168.116.238.80
29,Nate,Cosgrive,ncosgrives@digg.com,Male,81.109.33.178
30,Kincaid,Wooff,kwoofft@t-online.de,Male,236.13.122.253
31,Bride,Rein,breinu@scribd.com,Female,230.237.228.213
32,Annabell,Ravel,aravelv@bigcartel.com,Female,139.248.100.35
33,Loralie,Mc Ilwrick,lmcilwrickw@alexa.com,Female,101.199.241.88
34,Bryan,McKnockiter,bmcknockiterx@sina.com.cn,Male,119.50.89.162
35,Jonis,Tatters,jtattersy@wiley.com,Female,12.37.45.193
36,Alix,Derrington,aderringtonz@vinaora.com,Male,70.130.101.7
37,Tamqrah,Buxey,tbuxey10@illinois.edu,Female,92.65.249.99
38,Miriam,Di Biasi,mdibiasi11@usgs.gov,Female,146.242.60.70
39,Emelina,Mateescu,emateescu12@nbcnews.com,Female,221.141.173.171
40,Heriberto,Sibson,hsibson13@fema.gov,Male,111.225.133.70
41,Olwen,Braune,obraune14@barnesandnoble.com,Female,75.176.207.83
42,Roz,Walkowski,rwalkowski15@etsy.com,Female,196.99.9.230
43,Garald,Sheed,gsheed16@webs.com,Male,55.188.64.226
44,Vonni,Goring,vgoring17@slate.com,Female,37.64.213.116
45,Livvie,Crawcour,lcrawcour18@etsy.com,Female,82.151.60.100
46,Clemens,Linnane,clinnane19@google.com.au,Male,218.207.124.175
47,Lanni,Becarra,lbecarra1a@businessinsider.com,Female,13.51.199.104
48,Raimundo,Duferie,rduferie1b@cnn.com,Male,112.143.86.188
49,Charmain,Bletsoe,cbletsoe1c@diigo.com,Female,117.4.56.253
50,Zachery,MacDougall,zmacdougall1d@i2i.jp,Male,151.83.61.63
51,Fancy,Itzkin,fitzkin1e@walmart.com,Female,103.10.129.209
52,Nolly,Hugh,nhugh1f@ucla.edu,Male,151.75.47.212
53,Kylie,Ferryn,kferryn1g@liveinternet.ru,Female,90.227.136.191
54,Sibeal,Fellow,sfellow1h@craigslist.org,Female,223.79.220.194
55,Vite,Frazer,vfrazer1i@networksolutions.com,Male,94.53.60.222
56,Juditha,Dadge,jdadge1j@paypal.com,Female,81.238.160.195
57,Kienan,Brandi,kbrandi1k@paypal.com,Male,115.230.57.231
58,Morganica,McGrotty,mmcgrotty1l@jigsy.com,Female,240.216.182.97
59,Lacey,Wiltshaw,lwiltshaw1m@mayoclinic.com,Female,26.231.16.228
60,Danit,Cale,dcale1n@geocities.com,Female,3.34.100.24
61,Pier,Hayne,phayne1o@twitpic.com,Female,25.83.253.202
62,Cole,Wicher,cwicher1p@youtube.com,Male,18.7.93.63
63,Allix,Fairlie,afairlie1q@time.com,Female,255.26.37.84
64,Friederike,Castagne,fcastagne1r@technorati.com,Female,10.231.145.169
65,Sheeree,Saywood,ssaywood1s@psu.edu,Female,16.231.150.225
66,Vilma,Potell,vpotell1t@chron.com,Female,177.30.31.15
67,Isac,Brahms,ibrahms1u@topsy.com,Male,234.43.25.38
68,Karon,Kerrey,kkerrey1v@bbc.co.uk,Female,185.3.148.31
69,Earl,Steers,esteers1w@t-online.de,Male,9.194.255.152
70,Loutitia,Matousek,lmatousek1x@sciencedirect.com,Female,80.185.30.88
71,Louis,MacAnespie,lmacanespie1y@bloglovin.com,Male,150.94.89.72
72,Garrott,Birth,gbirth1z@bbb.org,Male,46.168.135.10
73,Klara,Duberry,kduberry20@cornell.edu,Female,141.244.103.106
74,Federica,Pash,fpash21@answers.com,Female,145.218.12.246
75,Odey,Kelemen,okelemen22@slate.com,Male,137.197.75.121
76,Grethel,Makinson,gmakinson23@yale.edu,Female,197.111.10.59
77,Dierdre,Barreau,dbarreau24@dmoz.org,Female,36.164.238.39
78,Orelie,Linstead,olinstead25@dot.gov,Female,73.120.0.142
79,Amy,Von Der Empten,avonderempten26@imdb.com,Female,221.250.191.156
80,Didi,Quernel,dquernel27@go.com,Female,208.43.86.133
81,Averyl,Baitman,abaitman28@a8.net,Female,208.194.14.180
82,Randolph,Bartolomieu,rbartolomieu29@bigcartel.com,Male,100.239.78.147
83,Merrel,Surmeyer,msurmeyer2a@feedburner.com,Male,236.242.117.57
84,Drusie,Bever,dbever2b@cnet.com,Female,2.15.194.93
85,Alisander,Guidera,aguidera2c@gnu.org,Male,1.221.105.9
86,Harvey,Crook,hcrook2d@blinklist.com,Male,9.52.187.35
87,Fidela,Mathieu,fmathieu2e@guardian.co.uk,Female,245.56.202.16
88,Debbi,Walentynowicz,dwalentynowicz2f@craigslist.org,Female,213.150.129.3
89,Morie,Cleare,mcleare2g@earthlink.net,Male,218.169.142.205
90,Chrysler,Dand,cdand2h@t.co,Female,70.17.236.81
91,Mariya,Fairleigh,mfairleigh2i@springer.com,Female,88.5.143.172
92,Bell,Poulsom,bpoulsom2j@usgs.gov,Female,75.92.184.220
93,Raquel,Mapston,rmapston2k@illinois.edu,Female,245.62.49.53
94,Ilene,MacGee,imacgee2l@shutterfly.com,Female,223.207.113.45
95,Katina,Gerrets,kgerrets2m@bing.com,Female,234.235.204.42
96,Carson,Gumme,cgumme2n@phoca.cz,Male,154.111.85.133
97,Doyle,Dadge,ddadge2o@comcast.net,Male,224.221.243.51
98,Janina,Goodinge,jgoodinge2p@guardian.co.uk,Female,86.42.175.181
99,Meredith,Elloit,melloit2q@springer.com,Male,76.101.89.175
100,Constantino,Ludewig,cludewig2r@shareasale.com,Male,143.118.145.78
101,Felicdad,Matchett,fmatchett2s@tamu.edu,Female,222.206.186.17
102,Rachael,Rockwill,rrockwill2t@mit.edu,Female,23.252.66.72
103,Roanne,Basketfield,rbasketfield2u@mozilla.org,Female,26.242.247.48
104,Darn,Tryme,dtryme2v@ft.com,Male,78.178.120.92
105,Mil,Maass,mmaass2w@msn.com,Female,120.212.192.153
106,Frayda,Denman,fdenman2x@aol.com,Female,69.119.39.171
107,Athena,Gillingwater,agillingwater2y@mail.ru,Female,65.80.175.101
108,Ozzie,Philippeaux,ophilippeaux2z@irs.gov,Male,212.177.233.245
109,Garrik,McGreil,gmcgreil30@hugedomains.com,Male,199.126.96.50
110,Brandyn,Seebert,bseebert31@weebly.com,Male,193.120.73.82
111,Tamar,Belderson,tbelderson32@pcworld.com,Female,32.134.21.76
112,Dunn,Gulc,dgulc33@narod.ru,Male,195.88.138.178
113,Jamaal,Abramsky,jabramsky34@sourceforge.net,Male,236.31.122.198
114,Sharon,Edmonson,sedmonson35@hhs.gov,Female,195.186.0.251
115,Peg,Janaszkiewicz,pjanaszkiewicz36@cdbaby.com,Female,84.131.93.24
116,Ulrich,Berzins,uberzins37@imgur.com,Male,196.134.74.220
117,Antoinette,Croom,acroom38@netvibes.com,Female,148.166.215.245
118,Tobe,Glanfield,tglanfield39@flavors.me,Female,21.119.212.177
119,Dawn,Praundlin,dpraundlin3a@msn.com,Female,142.235.31.248
120,Kean,Leipelt,kleipelt3b@gravatar.com,Male,27.23.184.193
121,Wallie,Ovenell,wovenell3c@ucoz.com,Female,205.167.246.24
122,Kingsley,Martinez,kmartinez3d@theatlantic.com,Male,92.42.169.157
123,Ailyn,Cahn,acahn3e@so-net.ne.jp,Female,139.103.149.173
124,Gale,Ferreras,gferreras3f@yandex.ru,Female,182.111.229.237
125,Evelyn,Loder,eloder3g@rambler.ru,Female,49.66.109.102
126,Carly,Palleske,cpalleske3h@hatena.ne.jp,Female,43.255.157.243
127,Edlin,Antoszczyk,eantoszczyk3i@jigsy.com,Male,201.199.174.23
128,Ganny,Bartomieu,gbartomieu3j@nifty.com,Male,227.81.37.162
129,Vinson,Hartgill,vhartgill3k@nifty.com,Male,242.104.166.59
130,Brittney,Atley,batley3l@fda.gov,Female,9.5.75.191
131,Raimondo,Blaxall,rblaxall3m@eventbrite.com,Male,219.44.186.242
132,Aeriell,Vynarde,avynarde3n@ocn.ne.jp,Female,1.76.87.140
133,Elly,Vedenichev,evedenichev3o@plala.or.jp,Female,8.48.187.8
134,Meyer,Mapp,mmapp3p@paginegialle.it,Male,136.251.69.134
135,Brien,Vanichev,bvanichev3q@taobao.com,Male,130.155.82.221
136,Cole,Mowday,cmowday3r@ezinearticles.com,Male,196.33.140.233
137,Melesa,Downes,mdownes3s@simplemachines.org,Female,144.192.119.249
138,Min,McRannell,mmcrannell3t@bigcartel.com,Female,223.29.9.68
139,Arleen,Seyler,aseyler3u@statcounter.com,Female,248.152.80.227
140,Moyra,Momery,mmomery3v@pinterest.com,Female,113.198.123.156
141,Bari,Peidro,bpeidro3w@mashable.com,Female,16.229.19.165
142,Murry,Ickov,mickov3x@answers.com,Male,59.174.79.63
143,Casper,Wenban,cwenban3y@xrea.com,Male,87.108.248.228
144,Romeo,Batsford,rbatsford3z@hc360.com,Male,66.33.173.131
145,Nico,Geertsen,ngeertsen40@china.com.cn,Male,52.62.219.239
146,Ring,Iwanowski,riwanowski41@businessinsider.com,Male,106.142.183.81
147,Drucy,Nossent,dnossent42@privacy.gov.au,Female,54.203.191.24
148,Tandy,Filppetti,tfilppetti43@fastcompany.com,Female,222.42.90.80
149,Minda,Fairall,mfairall44@com.com,Female,251.72.19.141
150,Augustin,Jewiss,ajewiss45@mozilla.com,Male,33.78.147.126
151,Stephanie,Redmire,sredmire46@loc.gov,Female,49.223.59.36
152,Atlante,Morcomb,amorcomb47@tripadvisor.com,Female,223.123.186.40
153,Tess,Carryer,tcarryer48@blog.com,Female,156.65.170.194
154,Maryanna,MacAllan,mmacallan49@nba.com,Female,190.126.144.39
155,Dalli,Benduhn,dbenduhn4a@acquirethisname.com,Male,213.132.37.19
156,Gawen,Odegaard,godegaard4b@wikimedia.org,Male,49.95.249.183
157,Clotilda,Quelch,cquelch4c@storify.com,Female,154.4.11.173
158,Thaddus,Durnin,tdurnin4d@infoseek.co.jp,Male,144.129.65.166
159,Hurley,Berendsen,hberendsen4e@japanpost.jp,Male,218.157.73.64
160,Fayre,Hutcheon,fhutcheon4f@51.la,Female,41.249.255.126
161,Stillmann,Sterke,ssterke4g@mysql.com,Male,121.100.218.45
162,Michail,Pinchin,mpinchin4h@liveinternet.ru,Male,250.156.33.192
163,Tomasina,Moyers,tmoyers4i@fda.gov,Female,120.229.224.24
164,Lawton,Binford,lbinford4j@zdnet.com,Male,24.69.221.214
165,Glendon,Annice,gannice4k@stumbleupon.com,Male,107.143.3.58
166,Ted,Beverley,tbeverley4l@nytimes.com,Male,91.139.58.125
167,Pen,Bristo,pbristo4m@163.com,Male,148.236.2.140
168,Renie,Erington,rerington4n@amazon.com,Female,187.46.190.33
169,Adelind,Grzelewski,agrzelewski4o@irs.gov,Female,222.217.255.149
170,Adams,Summerside,asummerside4p@sina.com.cn,Male,110.167.23.97
171,Luelle,Chatelet,lchatelet4q@phoca.cz,Female,99.150.150.76
172,Zacherie,Hawkshaw,zhawkshaw4r@admin.ch,Male,139.217.74.102
173,Kinsley,Codron,kcodron4s@typepad.com,Male,123.118.238.43
174,Frazier,Shorten,fshorten4t@arizona.edu,Male,230.92.88.137
175,Bob,Franck,bfranck4u@feedburner.com,Male,159.13.85.37
176,Dulci,Squibbes,dsquibbes4v@intel.com,Female,132.51.3.178
177,Averell,Wintersgill,awintersgill4w@tamu.edu,Male,48.233.115.244
178,Ursulina,Sprott,usprott4x@hostgator.com,Female,51.16.225.199
179,Deloria,Abercrombie,dabercrombie4y@merriam-webster.com,Female,102.34.1.166
180,Daria,Reinbeck,dreinbeck4z@intel.com,Female,21.173.18.105
181,Claus,Lifsey,clifsey50@list-manage.com,Male,9.153.74.74
182,Gabriellia,Tizard,gtizard51@state.tx.us,Female,90.12.220.192
183,Marlie,Helling,mhelling52@columbia.edu,Female,113.130.229.84
184,Dalia,Ortells,dortells53@soup.io,Female,231.236.145.198
185,Osbert,Greiser,ogreiser54@sogou.com,Male,34.191.120.120
186,Andie,Serrurier,aserrurier55@google.de,Male,88.145.20.124
187,Elyssa,Dreigher,edreigher56@infoseek.co.jp,Female,254.57.101.27
188,Sarette,Gerhold,sgerhold57@spotify.com,Female,118.213.175.199
189,Trixy,Rundall,trundall58@amazon.co.uk,Female,4.179.40.63
190,Tami,Urquhart,turquhart59@google.it,Female,4.114.228.235
191,Reeta,Lynn,rlynn5a@wordpress.org,Female,158.19.172.95
192,Norris,Volant,nvolant5b@whitehouse.gov,Male,92.106.65.26
193,Shirlene,Chadband,schadband5c@pinterest.com,Female,151.81.13.57
194,Terrell,Lampen,tlampen5d@multiply.com,Male,0.60.62.64
195,Hanson,Brunroth,hbrunroth5e@quantcast.com,Male,204.34.64.133
196,Karina,Willmett,kwillmett5f@163.com,Female,11.42.244.104
197,Jeremias,Pietrasik,jpietrasik5g@accuweather.com,Male,254.31.73.167
198,Keri,Bambrough,kbambrough5h@usnews.com,Female,219.99.110.205
199,Norrie,Malia,nmalia5i@vistaprint.com,Female,205.210.68.136
200,Muffin,Struthers,mstruthers5j@intel.com,Female,74.74.148.52
201,Anissa,Wedge,awedge5k@sbwire.com,Female,69.186.76.9
202,Burl,Cowlin,bcowlin5l@storify.com,Male,74.252.70.154
203,Hanan,Cutchee,hcutchee5m@nydailynews.com,Male,207.179.145.95
204,Yardley,Tapping,ytapping5n@earthlink.net,Male,216.191.187.73
205,Drud,Perotti,dperotti5o@mayoclinic.com,Male,162.80.190.159
206,Katerine,Rotham,krotham5p@youtube.com,Female,110.247.161.127
207,Didi,Olivetta,dolivetta5q@sourceforge.net,Female,171.125.112.208
208,Rafi,Haffner,rhaffner5r@cnet.com,Male,53.22.134.147
209,Alastair,Sandom,asandom5s@theglobeandmail.com,Male,125.214.42.117
210,Noemi,Rewcassell,nrewcassell5t@webeden.co.uk,Female,141.110.132.16
211,Morgun,Bayles,mbayles5u@answers.com,Male,91.201.99.225
212,Vance,Matkovic,vmatkovic5v@angelfire.com,Male,239.35.155.17
213,Rosaleen,Chislett,rchislett5w@friendfeed.com,Female,159.214.161.65
214,Adriane,Billsberry,abillsberry5x@homestead.com,Female,6.218.51.103
215,Bil,Pilgram,bpilgram5y@zdnet.com,Male,151.144.130.116
216,Arabela,Tindley,atindley5z@digg.com,Female,126.67.203.141
217,Erinn,Tardiff,etardiff60@marriott.com,Female,131.32.238.102
218,Elden,Siveter,esiveter61@weather.com,Male,97.46.61.82
219,Katha,Juliano,kjuliano62@arizona.edu,Female,107.168.93.7
220,Ive,De Avenell,ideavenell63@friendfeed.com,Male,207.245.197.47
221,Angie,Yoakley,ayoakley64@marriott.com,Female,187.32.18.147
222,Valentina,Andrioletti,vandrioletti65@cnn.com,Female,119.166.230.42
223,Federico,Haycox,fhaycox66@lycos.com,Male,117.95.41.217
224,Horacio,Braycotton,hbraycotton67@vistaprint.com,Male,196.71.179.249
225,Katalin,Lowin,klowin68@tinypic.com,Female,46.3.150.151
226,Jean,Manshaw,jmanshaw69@sogou.com,Male,80.62.160.231
227,Lorrayne,Blaxton,lblaxton6a@people.com.cn,Female,29.188.251.136
228,Niki,Rigney,nrigney6b@cnet.com,Male,37.224.19.100
229,Frederique,Oller,foller6c@naver.com,Female,154.198.201.36
230,Camille,Duckworth,cduckworth6d@de.vu,Female,194.97.212.88
231,Sula,Noore,snoore6e@uol.com.br,Female,202.151.226.163
232,Karlie,Beggi,kbeggi6f@odnoklassniki.ru,Female,52.167.91.110
233,Horatia,Dammarell,hdammarell6g@cbsnews.com,Female,176.141.38.120
234,Vonnie,Moffatt,vmoffatt6h@census.gov,Female,27.216.125.232
235,Edvard,Allington,eallington6i@who.int,Male,145.244.227.137
236,Ira,Mc Gaughey,imcgaughey6j@imageshack.us,Female,34.183.106.46
237,Lanny,Ducarne,lducarne6k@wix.com,Female,143.41.130.135
238,Ginger,Krug,gkrug6l@rambler.ru,Male,2.23.161.22
239,Pearle,Ludy,pludy6m@desdev.cn,Female,187.225.242.140
240,Stefa,Dysert,sdysert6n@last.fm,Female,55.236.63.23
241,Dougy,Shales,dshales6o@imgur.com,Male,62.36.16.67
242,Wynn,Lucas,wlucas6p@omniture.com,Female,235.199.134.119
243,Hartwell,Hartfleet,hhartfleet6q@shinystat.com,Male,89.213.122.45
244,Gasparo,Blakeway,gblakeway6r@china.com.cn,Male,104.12.55.106
245,Kirbie,Wynch,kwynch6s@exblog.jp,Female,168.242.46.119
246,Sissy,Roeby,sroeby6t@canalblog.com,Female,50.106.167.130
247,Malena,Longstaffe,mlongstaffe6u@diigo.com,Female,99.78.176.14
248,Staci,Teresa,steresa6v@forbes.com,Female,83.9.25.113
249,Martelle,Rives,mrives6w@wp.com,Female,29.148.186.213
250,Hailey,Kensy,hkensy6x@mit.edu,Male,76.213.56.28
251,Lanna,Andraud,landraud6y@is.gd,Female,185.127.95.83
252,Burk,Leaming,bleaming6z@vk.com,Male,249.199.53.144
253,Bartholomew,Scrace,bscrace70@toplist.cz,Male,216.112.225.34
254,Tallie,Earl,tearl71@walmart.com,Male,197.25.10.245
255,Cortie,Babalola,cbabalola72@altervista.org,Male,174.216.108.197
256,Mozes,Keyho,mkeyho73@ycombinator.com,Male,1.84.166.132
257,Klemens,Bedinham,kbedinham74@bluehost.com,Male,122.244.86.87
258,Maximilien,Klosser,mklosser75@ezinearticles.com,Male,199.68.230.110
259,Ernestus,Arney,earney76@hc360.com,Male,149.171.171.66
260,Falkner,Dressell,fdressell77@people.com.cn,Male,247.99.178.45
261,Desdemona,Papen,dpapen78@epa.gov,Female,58.167.139.215
262,Celine,Antognazzi,cantognazzi79@irs.gov,Female,156.128.152.5
263,Sheba,Delbergue,sdelbergue7a@nhs.uk,Female,178.216.68.109
264,Jena,Grinaway,jgrinaway7b@elegantthemes.com,Female,62.135.135.150
265,Pat,Gretton,pgretton7c@timesonline.co.uk,Female,32.4.67.183
266,Evangelina,Weekes,eweekes7d@stanford.edu,Female,100.109.110.227
267,Peterus,Androsik,pandrosik7e@webs.com,Male,185.46.195.28
268,Orion,Samples,osamples7f@cmu.edu,Male,158.91.170.118
269,Francene,Raeside,fraeside7g@dyndns.org,Female,82.135.197.239
270,Petronia,Boston,pboston7h@cocolog-nifty.com,Female,27.145.46.1
271,Lauren,Greenroad,lgreenroad7i@economist.com,Male,118.126.157.111
272,Dorey,Ashmore,dashmore7j@redcross.org,Female,74.216.225.16
273,Porty,Hart,phart7k@house.gov,Male,98.180.113.157
274,Annemarie,Gillfillan,agillfillan7l@google.com.br,Female,13.24.244.12
275,Gabe,Bointon,gbointon7m@delicious.com,Male,148.137.203.206
276,Roberta,Shills,rshills7n@youtube.com,Female,160.84.111.45
277,Scotti,Coppin,scoppin7o@washingtonpost.com,Male,64.156.247.172
278,Robinette,Miguel,rmiguel7p@e-recht24.de,Female,200.253.144.134
279,Minor,Corsan,mcorsan7q@t.co,Male,150.128.59.93
280,Idalina,Pattison,ipattison7r@a8.net,Female,246.0.221.40
281,Catriona,Arnull,carnull7s@google.co.uk,Female,79.133.12.223
282,Raffarty,McRonald,rmcronald7t@feedburner.com,Male,201.248.8.113
283,Marylou,Maffeo,mmaffeo7u@umich.edu,Female,135.92.11.22
284,Tomas,Hackinge,thackinge7v@uiuc.edu,Male,51.17.204.241
285,Lola,Gavahan,lgavahan7w@diigo.com,Female,77.60.71.124
286,Melisa,Bernlin,mbernlin7x@topsy.com,Female,128.84.53.134
287,Jo-ann,Pafford,jpafford7y@dmoz.org,Female,223.37.170.104
288,Lenore,Twinbrow,ltwinbrow7z@yolasite.com,Female,193.137.38.255
289,Gradeigh,Danelutti,gdanelutti80@gravatar.com,Male,109.134.188.177
290,Garvy,Goldine,ggoldine81@diigo.com,Male,199.88.30.131
291,Piotr,Patesel,ppatesel82@youtu.be,Male,171.146.252.246
292,Lilas,Storck,lstorck83@eepurl.com,Female,75.238.168.143
293,Fran,Biaggiotti,fbiaggiotti84@linkedin.com,Female,34.220.163.255
294,Robbie,Raine,rraine85@sitemeter.com,Male,131.125.88.79
295,Trent,Dunbobbin,tdunbobbin86@pinterest.com,Male,115.248.66.24
296,Willey,Carren,wcarren87@cisco.com,Male,83.43.248.167
297,Moses,McSharry,mmcsharry88@flickr.com,Male,143.166.43.75
298,Karrah,McKendo,kmckendo89@samsung.com,Female,222.95.62.255
299,Waldemar,Rickards,wrickards8a@google.com.hk,Male,35.64.0.18
300,Jdavie,Trunby,jtrunby8b@flickr.com,Male,161.133.85.136
301,Norene,Arrigucci,narrigucci8c@stanford.edu,Female,61.99.28.98
302,Gannon,Dutson,gdutson8d@bigcartel.com,Male,0.92.36.214
303,Cherise,Hemmingway,chemmingway8e@purevolume.com,Female,39.240.207.31
304,Ermina,Dedham,ededham8f@ifeng.com,Female,165.121.191.219
305,Ariela,Pierpoint,apierpoint8g@ycombinator.com,Female,158.235.113.157
306,Forbes,Duell,fduell8h@upenn.edu,Male,163.120.89.46
307,Erek,Alexandersson,ealexandersson8i@blogs.com,Male,166.204.171.252
308,Fanechka,Hadwin,fhadwin8j@privacy.gov.au,Female,238.143.144.252
309,Darwin,Beames,dbeames8k@dmoz.org,Male,65.44.157.159
310,Kaylil,Habert,khabert8l@wikia.com,Female,249.59.200.103
311,Valenka,Salliss,vsalliss8m@dropbox.com,Female,114.161.161.63
312,Leelah,Soots,lsoots8n@ucoz.ru,Female,29.31.160.70
313,Alfons,Trainor,atrainor8o@freewebs.com,Male,52.92.226.45
314,Philippe,Biagini,pbiagini8p@fema.gov,Female,62.99.70.226
315,Lindsey,Bertot,lbertot8q@domainmarket.com,Male,132.124.158.211
316,Reese,Baybutt,rbaybutt8r@shinystat.com,Male,141.83.55.202
317,Jacquelin,McGerraghty,jmcgerraghty8s@yellowbook.com,Female,174.196.175.245
318,Nicolais,Bawle,nbawle8t@narod.ru,Male,47.51.127.126
319,Sada,Jansson,sjansson8u@mashable.com,Female,245.246.234.139
320,Maison,Price,mprice8v@virginia.edu,Male,53.190.38.223
321,Mia,Domerque,mdomerque8w@buzzfeed.com,Female,226.243.178.23
322,Chancey,Leaming,cleaming8x@jigsy.com,Male,15.70.222.231
323,Jeth,Silby,jsilby8y@blinklist.com,Male,86.103.147.111
324,Michal,Jaukovic,mjaukovic8z@wordpress.org,Female,234.58.32.91
325,Ibrahim,MacAllister,imacallister90@apple.com,Male,97.20.129.106
326,Darrel,Hamments,dhamments91@mapy.cz,Male,6.72.64.249
327,Ody,Saiger,osaiger92@google.de,Male,115.241.39.221
328,Rosene,Gathercole,rgathercole93@theguardian.com,Female,9.52.18.60
329,Helenka,Guterson,hguterson94@bluehost.com,Female,116.57.90.189
330,Corrie,Kindred,ckindred95@wsj.com,Male,93.62.86.193
331,Ezra,Olivelli,eolivelli96@pagesperso-orange.fr,Male,203.240.64.166
332,Odey,Stirland,ostirland97@hp.com,Male,7.163.7.182
333,Isak,Janning,ijanning98@apache.org,Male,144.78.28.32
334,Arluene,Corlett,acorlett99@privacy.gov.au,Female,25.255.244.128
335,Shellie,Buttel,sbuttel9a@wunderground.com,Female,250.61.201.233
336,Libbey,Linner,llinner9b@flavors.me,Female,54.98.94.100
337,Elihu,Kyffin,ekyffin9c@intel.com,Male,121.40.75.208
338,Chrystel,Kamiyama,ckamiyama9d@i2i.jp,Female,18.221.146.51
339,Omar,MacKerley,omackerley9e@ed.gov,Male,20.171.159.133
340,Keith,Rossey,krossey9f@blogger.com,Male,249.226.230.71
341,Stanley,Ranald,sranald9g@admin.ch,Male,79.80.139.100
342,Saleem,Gilroy,sgilroy9h@godaddy.com,Male,63.20.5.148
343,Angelika,Cheshire,acheshire9i@alibaba.com,Female,243.36.24.169
344,Tony,Patullo,tpatullo9j@wp.com,Male,46.251.114.156
345,Grace,Gallegos,ggallegos9k@devhub.com,Male,191.54.37.154
346,Fritz,McEvilly,fmcevilly9l@odnoklassniki.ru,Male,186.75.231.77
347,Camilla,Itscovitz,citscovitz9m@bloglovin.com,Female,38.149.243.85
348,Thedric,Broomfield,tbroomfield9n@ed.gov,Male,30.192.6.33
349,Hilary,Iskow,hiskow9o@privacy.gov.au,Male,63.62.6.13
350,Kylie,Manjot,kmanjot9p@statcounter.com,Female,236.85.215.50
351,Ricoriki,Cotherill,rcotherill9q@reference.com,Male,116.113.14.51
352,Christyna,McCowen,cmccowen9r@sciencedirect.com,Female,101.134.119.117
353,Celesta,Baack,cbaack9s@fastcompany.com,Female,6.212.109.122
354,Cesya,Elion,celion9t@digg.com,Female,78.33.2.74
355,Keely,Tweedy,ktweedy9u@ucla.edu,Female,10.12.201.116
356,Roselia,Ennor,rennor9v@joomla.org,Female,17.35.106.116
357,Rolph,Risely,rrisely9w@businessinsider.com,Male,142.68.130.234
358,Garrott,Ugolotti,gugolotti9x@oracle.com,Male,195.176.170.24
359,Sol,Lockton,slockton9y@exblog.jp,Male,196.169.15.213
360,Barbaraanne,Rex,brex9z@about.com,Female,195.237.245.113
361,Willette,Albany,walbanya0@twitpic.com,Female,152.26.211.126
362,Bridgette,Copp,bcoppa1@nsw.gov.au,Female,247.125.186.135
363,Karyn,Viveash,kviveasha2@sakura.ne.jp,Female,24.68.28.228
364,Heath,Bonifacio,hbonifacioa3@acquirethisname.com,Male,212.202.40.1
365,Tatum,Matovic,tmatovica4@yahoo.co.jp,Female,88.114.26.16
366,Brittne,Quinion,bquiniona5@independent.co.uk,Female,168.247.88.11
367,Ric,Kleinmann,rkleinmanna6@about.com,Male,104.96.156.116
368,Ash,Staneland,astanelanda7@mysql.com,Male,88.219.254.90
369,Broderick,Baribal,bbaribala8@squarespace.com,Male,55.106.121.58
370,Rip,Lukovic,rlukovica9@japanpost.jp,Male,26.254.242.129
371,Priscilla,Broomhead,pbroomheadaa@google.de,Female,59.249.176.196
372,Thebault,Halsworth,thalsworthab@toplist.cz,Male,16.35.248.0
373,Kellby,Grist,kgristac@joomla.org,Male,2.25.55.170
374,Cleve,Denyer,cdenyerad@goo.ne.jp,Male,42.133.49.247
375,Glendon,Shuxsmith,gshuxsmithae@washingtonpost.com,Male,213.11.101.186
376,Curt,Vanyukhin,cvanyukhinaf@goo.gl,Male,213.14.147.4
377,Stuart,Jest,sjestag@ifeng.com,Male,16.4.170.66
378,Vanya,Songhurst,vsonghurstah@bizjournals.com,Male,202.63.45.76
379,Patten,Kyd,pkydai@admin.ch,Male,30.53.204.179
380,Minerva,Gierardi,mgierardiaj@geocities.jp,Female,145.129.234.51
381,Mair,Beentjes,mbeentjesak@uol.com.br,Female,94.196.25.186
382,Codi,Sprionghall,csprionghallal@cloudflare.com,Male,62.234.70.187
383,Doe,Figura,dfiguraam@aboutads.info,Female,229.37.201.194
384,Noble,Soutar,nsoutaran@4shared.com,Male,205.77.65.151
385,Patty,Abramsky,pabramskyao@a8.net,Female,86.126.188.227
386,Raina,Mahon,rmahonap@businessweek.com,Female,85.252.247.195
387,Lorraine,Maffiotti,lmaffiottiaq@umich.edu,Female,107.250.185.43
388,Doy,Winstanley,dwinstanleyar@geocities.jp,Male,188.24.57.144
389,Lynda,Mulles,lmullesas@netscape.com,Female,2.166.105.84
390,Valentino,Bains,vbainsat@tinyurl.com,Male,127.254.169.149
391,Gare,Potte,gpotteau@fotki.com,Male,255.95.107.153
392,Damien,Crew,dcrewav@typepad.com,Male,0.237.87.157
393,Cordy,Westgarth,cwestgarthaw@topsy.com,Female,48.106.63.155
394,Ilse,Rourke,irourkeax@t-online.de,Female,9.165.111.138
395,Inessa,De Beauchamp,idebeauchampay@dailymail.co.uk,Female,41.185.165.151
396,Em,Woolfall,ewoolfallaz@wunderground.com,Male,87.115.86.18
397,Stanislaus,Brecknell,sbrecknellb0@pagesperso-orange.fr,Male,192.73.177.203
398,Olga,Cornils,ocornilsb1@google.cn,Female,119.50.125.138
399,Kiley,Swyre,kswyreb2@uiuc.edu,Male,1.2.80.191
400,Edin,Broxap,ebroxapb3@sphinn.com,Female,80.188.39.229
401,Perle,Eisikowitz,peisikowitzb4@yolasite.com,Female,28.139.243.42
402,Irving,Mityushkin,imityushkinb5@netvibes.com,Male,178.253.108.32
403,Derry,Bovey,dboveyb6@japanpost.jp,Male,137.47.249.88
404,Olvan,Haveline,ohavelineb7@hp.com,Male,73.182.77.126
405,Nani,Jacquot,njacquotb8@pen.io,Female,59.30.77.214
406,Noel,Dronsfield,ndronsfieldb9@altervista.org,Male,31.172.15.32
407,Dalia,Besnard,dbesnardba@wix.com,Female,200.180.101.129
408,Lydia,Collomosse,lcollomossebb@hud.gov,Female,200.39.58.180
409,Isidor,Croux,icrouxbc@google.ca,Male,233.45.255.189
410,Brook,Thackston,bthackstonbd@ycombinator.com,Male,148.249.65.164
411,Joachim,Cyson,jcysonbe@live.com,Male,231.240.246.173
412,Hanna,Poat,hpoatbf@hexun.com,Female,78.43.90.243
413,Gayelord,Shawcross,gshawcrossbg@ibm.com,Male,17.142.238.198
414,Darrell,Collick,dcollickbh@mapy.cz,Male,241.143.221.12
415,Abbie,Culy,aculybi@vkontakte.ru,Male,138.198.236.195
416,Alanson,Jervis,ajervisbj@printfriendly.com,Male,61.191.50.89
417,Hermie,Hawtry,hhawtrybk@pagesperso-orange.fr,Male,246.135.215.27
418,Jayson,Fenech,jfenechbl@hatena.ne.jp,Male,66.82.21.228
419,Emmaline,Antoniat,eantoniatbm@networkadvertising.org,Female,119.208.28.82
420,Mora,McGuiness,mmcguinessbn@webmd.com,Female,112.226.244.96
421,Burnard,Stollwerck,bstollwerckbo@noaa.gov,Male,0.236.131.81
422,Lindy,Hackford,lhackfordbp@google.cn,Male,72.200.244.13
423,Korrie,Pim,kpimbq@xinhuanet.com,Female,14.220.251.139
424,Percy,Geraldez,pgeraldezbr@spiegel.de,Male,52.49.136.61
425,Nikoletta,MacKaig,nmackaigbs@vinaora.com,Female,104.228.65.187
426,Ermengarde,Fansy,efansybt@mozilla.com,Female,106.211.121.186
427,Sandro,Waycot,swaycotbu@cmu.edu,Male,28.142.136.242
428,Juliann,Eykelhof,jeykelhofbv@walmart.com,Female,139.72.79.76
429,Desiri,Rutley,drutleybw@discuz.net,Female,201.33.191.159
430,Merlina,Proud,mproudbx@163.com,Female,102.196.233.57
431,Hinze,Grestye,hgrestyeby@oaic.gov.au,Male,12.49.101.45
432,Shelby,Hightown,shightownbz@macromedia.com,Female,255.252.66.29
433,Alfreda,Bennell,abennellc0@businesswire.com,Female,76.170.141.118
434,Hanan,Soreau,hsoreauc1@wired.com,Male,19.162.12.10
435,Elden,Prendiville,eprendivillec2@springer.com,Male,151.242.8.132
436,Ninon,Kiehl,nkiehlc3@businesswire.com,Female,247.139.102.82
437,Angeli,Petrolli,apetrollic4@vk.com,Male,253.72.102.130
438,Prinz,Umbert,pumbertc5@cbc.ca,Male,43.200.196.132
439,Arlan,Pavlov,apavlovc6@pagesperso-orange.fr,Male,169.89.114.55
440,Isabelita,Lockhead,ilockheadc7@youku.com,Female,136.225.219.34
441,Culley,Hedling,chedlingc8@themeforest.net,Male,64.117.230.31
442,Concettina,Dufton,cduftonc9@exblog.jp,Female,132.207.233.1
443,Randell,Sahlstrom,rsahlstromca@google.pl,Male,88.241.92.72
444,Jada,Rawe,jrawecb@g.co,Female,209.198.59.235
445,Brooks,Izac,bizaccc@paypal.com,Male,89.176.126.211
446,Isaak,Winch,iwinchcd@telegraph.co.uk,Male,224.243.226.189
447,Braden,Snodin,bsnodince@meetup.com,Male,227.133.82.30
448,Raddy,Dominick,rdominickcf@yahoo.com,Male,159.12.250.78
449,Gale,Vaissiere,gvaissierecg@wsj.com,Female,106.246.101.251
450,Kelcy,Mote,kmotech@comcast.net,Female,107.11.112.173
451,Darbie,Wyett,dwyettci@diigo.com,Female,142.85.67.77
452,Lani,Turley,lturleycj@odnoklassniki.ru,Female,178.6.5.121
453,Erhart,Readmire,ereadmireck@usatoday.com,Male,211.200.76.101
454,Rose,Pratley,rpratleycl@utexas.edu,Female,87.19.113.235
455,Sabina,Linger,slingercm@sphinn.com,Female,40.112.111.35
456,Jerald,Wakeman,jwakemancn@apache.org,Male,157.236.125.36
457,Daisie,Rexworthy,drexworthyco@wikia.com,Female,40.253.87.35
458,Lissie,Allitt,lallittcp@shutterfly.com,Female,117.237.55.151
459,Jo ann,Sail,jsailcq@harvard.edu,Female,75.226.95.214
460,Felipa,Berthouloume,fberthouloumecr@de.vu,Female,83.101.187.136
461,Mignon,Everiss,meverisscs@tumblr.com,Female,33.64.98.233
462,Fae,Brownbill,fbrownbillct@friendfeed.com,Female,189.138.109.35
463,Carr,Arens,carenscu@chronoengine.com,Male,51.214.96.142
464,Jeramey,Ovendale,jovendalecv@msu.edu,Male,253.192.6.100
465,Letisha,Kittel,lkittelcw@wsj.com,Female,228.59.204.104
466,Idelle,Coleborn,icoleborncx@wikipedia.org,Female,15.56.14.90
467,Kingsley,Garvill,kgarvillcy@prlog.org,Male,105.118.65.52
468,Sigismundo,Hanes,shanescz@amazonaws.com,Male,113.156.62.104
469,Yettie,Kemmish,ykemmishd0@ustream.tv,Female,171.248.228.96
470,Kimmy,Prichet,kprichetd1@cloudflare.com,Female,68.0.27.21
471,Kara,De Gogay,kdegogayd2@timesonline.co.uk,Female,190.132.216.45
472,Lauryn,Crosfield,lcrosfieldd3@census.gov,Female,44.10.253.43
473,Mata,Mellodey,mmellodeyd4@1688.com,Male,33.187.114.74
474,Jedidiah,Gert,jgertd5@behance.net,Male,133.91.206.149
475,Wilhelm,Tubridy,wtubridyd6@wufoo.com,Male,251.102.142.96
476,Lillian,Cofax,lcofaxd7@ezinearticles.com,Female,8.87.198.44
477,Reg,Macveigh,rmacveighd8@gov.uk,Male,145.223.211.20
478,Malissa,Ianiello,mianiellod9@1und1.de,Female,70.163.207.150
479,Simonne,Isard,sisardda@google.co.jp,Female,201.147.135.247
480,Eilis,Slaymaker,eslaymakerdb@home.pl,Female,231.61.172.35
481,Analise,Bolsover,abolsoverdc@issuu.com,Female,228.3.182.75
482,Hendrik,Corinton,hcorintondd@archive.org,Male,99.100.183.70
483,Jory,Claxton,jclaxtonde@opera.com,Male,147.2.83.178
484,Aeriel,De la croix,adelacroixdf@imageshack.us,Female,175.79.125.248
485,Antonio,Clarey,aclareydg@topsy.com,Male,192.239.80.172
486,Mose,Stubbert,mstubbertdh@oracle.com,Male,136.230.236.186
487,Morna,Fairnington,mfairningtondi@wunderground.com,Female,249.87.114.207
488,Bambi,Darrach,bdarrachdj@omniture.com,Female,8.159.118.93
489,Tito,Andrea,tandreadk@fema.gov,Male,133.78.145.206
490,Car,Slater,cslaterdl@a8.net,Male,145.24.134.88
491,Minor,Karpushkin,mkarpushkindm@google.es,Male,7.22.69.149
492,Caralie,Coules,ccoulesdn@wufoo.com,Female,139.42.255.90
493,Fran,Bunford,fbunforddo@devhub.com,Male,104.29.205.174
494,Anselma,Spatig,aspatigdp@xinhuanet.com,Female,1.50.212.175
495,Rozalin,Turpin,rturpindq@salon.com,Female,74.88.233.119
496,Randall,Hinze,rhinzedr@ezinearticles.com,Male,58.73.248.28
497,Joseph,Stebbings,jstebbingsds@flickr.com,Male,152.67.52.220
498,Wally,Hallworth,whallworthdt@bing.com,Male,52.165.145.162
499,Desdemona,O'Scollain,doscollaindu@berkeley.edu,Female,90.57.54.151
500,Sherri,Bearward,sbearwarddv@economist.com,Female,62.173.141.0
501,Ingram,Angeli,iangelidw@google.es,Male,77.145.147.27
502,Raymund,Bryenton,rbryentondx@ycombinator.com,Male,163.182.58.247
503,Randal,Hedin,rhedindy@quantcast.com,Male,201.155.184.22
504,Mario,Funcheon,mfuncheondz@phoca.cz,Male,36.17.64.32
505,Graehme,Leyland,gleylande0@lulu.com,Male,29.180.77.5
506,Lynn,O'Lagen,lolagene1@wikimedia.org,Male,15.189.50.128
507,Llywellyn,McCreadie,lmccreadiee2@accuweather.com,Male,113.13.140.27
508,Greggory,Semorad,gsemorade3@abc.net.au,Male,156.123.104.77
509,Gannie,Lingfoot,glingfoote4@bloglovin.com,Male,171.153.92.104
510,Lianne,Soltan,lsoltane5@forbes.com,Female,20.34.33.184
511,Alwyn,Mant,amante6@europa.eu,Male,20.233.252.12
512,Nickola,Kennagh,nkennaghe7@mozilla.com,Male,216.202.49.38
513,Wynnie,Matteris,wmatterise8@samsung.com,Female,128.74.174.83
514,Langsdon,Jerisch,ljerische9@timesonline.co.uk,Male,162.142.10.218
515,Nari,Gordon-Giles,ngordongilesea@usda.gov,Female,196.157.226.102
516,Teriann,Gritton,tgrittoneb@gizmodo.com,Female,124.98.40.60
517,Jacques,Gribben,jgribbenec@zimbio.com,Male,73.226.245.28
518,Gannon,Roelofs,groelofsed@cbsnews.com,Male,32.7.171.235
519,Cosette,McNabb,cmcnabbee@upenn.edu,Female,224.151.175.20
520,Madalyn,Lowndesbrough,mlowndesbroughef@gmpg.org,Female,10.156.63.21
521,Fan,Rupprecht,frupprechteg@dyndns.org,Female,26.67.13.209
522,Moshe,Klement,mklementeh@livejournal.com,Male,3.103.31.4
523,Angil,Franzini,afranziniei@elegantthemes.com,Female,177.167.118.57
524,Darnall,Malone,dmaloneej@scientificamerican.com,Male,103.4.111.174
525,Lizzy,Corderoy,lcorderoyek@google.com,Female,116.77.123.44
526,Jami,Jeenes,jjeenesel@hp.com,Female,136.96.68.221
527,Michele,Mably,mmablyem@webeden.co.uk,Female,248.236.216.31
528,Joellyn,Corey,jcoreyen@yellowpages.com,Female,185.7.138.107
529,Abelard,Jeenes,ajeeneseo@hc360.com,Male,231.69.215.142
530,Dew,Bellward,dbellwardep@dagondesign.com,Male,238.59.116.78
531,Nanni,Lewsy,nlewsyeq@guardian.co.uk,Female,84.52.57.145
532,Belita,McAdam,bmcadamer@redcross.org,Female,14.50.242.254
533,Cherin,Pollastrino,cpollastrinoes@java.com,Female,235.236.175.103
534,Judi,Rudd,jruddet@theatlantic.com,Female,254.34.29.171
535,Lona,Scholler,lschollereu@drupal.org,Female,33.147.152.30
536,Orazio,Purcell,opurcellev@gnu.org,Male,127.100.38.75
537,Maude,Symon,msymonew@youtu.be,Female,153.6.80.45
538,Devy,Ricards,dricardsex@unblog.fr,Male,78.118.168.92
539,Anatole,Mushart,amushartey@amazon.com,Male,81.77.74.22
540,Bobbie,Stones,bstonesez@opensource.org,Female,42.68.230.36
541,Ambrosius,Vondrasek,avondrasekf0@theglobeandmail.com,Male,120.157.76.57
542,Elle,Mattiessen,emattiessenf1@behance.net,Female,247.76.47.185
543,Minta,Leteurtre,mleteurtref2@microsoft.com,Female,177.211.177.9
544,Goldarina,Featenby,gfeatenbyf3@harvard.edu,Female,20.151.241.62
545,Marnia,Pedler,mpedlerf4@studiopress.com,Female,170.100.20.131
546,Tyler,Rubinek,trubinekf5@statcounter.com,Male,75.52.218.85
547,Gale,Byer,gbyerf6@omniture.com,Male,88.17.234.248
548,Ingeberg,Elvy,ielvyf7@nymag.com,Female,211.111.202.20
549,Ilene,Milborn,imilbornf8@delicious.com,Female,128.222.47.247
550,Marline,Prescott,mprescottf9@booking.com,Female,235.230.97.116
551,Xavier,Willcocks,xwillcocksfa@cyberchimps.com,Male,97.180.164.12
552,Randy,Cuddy,rcuddyfb@cyberchimps.com,Female,77.224.197.208
553,Ginelle,Rockhall,grockhallfc@dell.com,Female,219.90.35.239
554,Paulita,Duell,pduellfd@discuz.net,Female,91.10.160.171
555,Marlow,Plewman,mplewmanfe@gizmodo.com,Male,180.175.77.44
556,Ricca,Linford,rlinfordff@lulu.com,Female,82.223.129.15
557,Delmer,Jozwicki,djozwickifg@latimes.com,Male,255.168.35.59
558,Tomaso,Bowie,tbowiefh@yelp.com,Male,248.211.226.196
559,Wood,Briffett,wbriffettfi@sohu.com,Male,93.204.239.230
560,Ransell,Bruffell,rbruffellfj@webeden.co.uk,Male,176.203.209.89
561,Walden,Erricker,werrickerfk@accuweather.com,Male,21.2.162.170
562,Way,Laughrey,wlaughreyfl@pen.io,Male,193.28.96.255
563,Jasmin,Sayles,jsaylesfm@marriott.com,Female,197.60.245.96
564,Valentino,Iannini,vianninifn@sciencedirect.com,Male,120.135.29.167
565,Kanya,Troppmann,ktroppmannfo@smugmug.com,Female,101.231.238.2
566,Diane-marie,Tink,dtinkfp@google.com,Female,247.13.251.181
567,Herbie,Minifie,hminifiefq@msu.edu,Male,151.135.105.133
568,Dusty,Dener,ddenerfr@mayoclinic.com,Female,153.52.148.45
569,Belita,Dailly,bdaillyfs@engadget.com,Female,249.111.189.195
570,Marina,Deeble,mdeebleft@boston.com,Female,147.109.167.231
571,Karola,Quernel,kquernelfu@sohu.com,Female,231.35.85.37
572,Saidee,Birchett,sbirchettfv@miitbeian.gov.cn,Female,69.45.59.151
573,Thor,De la Yglesia,tdelayglesiafw@taobao.com,Male,105.72.255.78
574,Guthrey,Millberg,gmillbergfx@live.com,Male,116.27.155.195
575,Milena,Tchir,mtchirfy@vistaprint.com,Female,93.8.135.56
576,Maribel,McManamen,mmcmanamenfz@hatena.ne.jp,Female,4.108.200.88
577,Stacy,Spurden,sspurdeng0@newyorker.com,Female,151.39.37.195
578,Marv,Bowkett,mbowkettg1@etsy.com,Male,136.36.93.193
579,Elsey,Naisby,enaisbyg2@prnewswire.com,Female,67.241.165.230
580,Chester,Fozard,cfozardg3@cbc.ca,Male,7.70.141.48
581,Flynn,Stoppe,fstoppeg4@zimbio.com,Male,46.4.218.148
582,Alex,Boak,aboakg5@diigo.com,Female,207.106.69.104
583,Flem,Klimas,fklimasg6@addthis.com,Male,254.250.211.57
584,Ardisj,Pressey,apresseyg7@senate.gov,Female,57.248.55.89
585,Alexa,Sissot,asissotg8@eventbrite.com,Female,244.53.242.101
586,Mohammed,De Stoop,mdestoopg9@google.de,Male,180.133.196.75
587,Vasily,Bartolomeoni,vbartolomeoniga@redcross.org,Male,147.238.173.15
588,Benetta,Gerrens,bgerrensgb@uol.com.br,Female,174.196.156.120
589,Wittie,Jopp,wjoppgc@issuu.com,Male,185.84.130.70
590,Kettie,Sherewood,ksherewoodgd@state.gov,Female,181.94.193.132
591,Gwenny,Keitch,gkeitchge@imdb.com,Female,131.233.112.241
592,Lamond,Carlet,lcarletgf@amazon.co.uk,Male,43.62.14.232
593,Timmy,Walenta,twalentagg@g.co,Male,174.100.158.149
594,Weidar,Michele,wmichelegh@huffingtonpost.com,Male,57.211.12.238
595,Freeman,Alf,falfgi@jalbum.net,Male,76.249.9.66
596,Leo,Burdis,lburdisgj@taobao.com,Male,112.252.36.87
597,Adair,Jorgensen,ajorgensengk@auda.org.au,Male,109.221.84.47
598,Kendall,Gritland,kgritlandgl@spiegel.de,Male,191.117.33.226
599,Geneva,Soppeth,gsoppethgm@slashdot.org,Female,151.45.42.243
600,Brunhilda,Siward,bsiwardgn@upenn.edu,Female,180.4.53.75
601,Heall,Cuppleditch,hcuppleditchgo@sourceforge.net,Male,65.100.234.107
602,Petronille,McGrirl,pmcgrirlgp@moonfruit.com,Female,246.49.196.85
603,Dannie,Lardier,dlardiergq@newsvine.com,Male,176.53.70.118
604,Ramon,Hammerstone,rhammerstonegr@wunderground.com,Male,35.101.60.235
605,Chlo,Sturr,csturrgs@usatoday.com,Female,170.26.14.244
606,Amery,Dufoure,adufouregt@zdnet.com,Male,118.76.5.167
607,Gregoire,Vallis,gvallisgu@tinypic.com,Male,31.133.43.183
608,Paula,Housam,phousamgv@cornell.edu,Female,97.246.21.196
609,Maisie,Krzyzanowski,mkrzyzanowskigw@technorati.com,Female,228.81.130.80
610,Cherri,Jackling,cjacklinggx@weather.com,Female,162.76.35.220
611,Darren,Rudgley,drudgleygy@facebook.com,Male,13.198.254.167
612,Kevin,Sweetman,ksweetmangz@archive.org,Male,233.40.112.136
613,Farr,Luebbert,fluebberth0@cocolog-nifty.com,Male,131.30.196.24
614,Shurwood,Guyan,sguyanh1@istockphoto.com,Male,109.36.123.140
615,Cami,Jankovsky,cjankovskyh2@etsy.com,Female,19.195.107.26
616,Saba,Joules,sjoulesh3@hhs.gov,Female,180.36.131.229
617,Wilton,Alders,waldersh4@apple.com,Male,40.148.59.145
618,Quincey,MacKey,qmackeyh5@springer.com,Male,80.144.80.8
619,Daphne,Abercromby,dabercrombyh6@deviantart.com,Female,198.10.56.188
620,Bartolemo,Couthard,bcouthardh7@nasa.gov,Male,150.216.185.78
621,Gerta,Tonner,gtonnerh8@qq.com,Female,232.16.185.82
622,Othelia,Lauks,olauksh9@mediafire.com,Female,83.120.218.30
623,Fairlie,Arnli,farnliha@livejournal.com,Male,6.57.83.83
624,Sacha,Lanceley,slanceleyhb@wix.com,Female,214.110.7.106
625,Leesa,Degnen,ldegnenhc@uol.com.br,Female,17.162.144.93
626,Carling,Turtle,cturtlehd@cnn.com,Male,65.132.71.134
627,Lucie,Albrighton,lalbrightonhe@scientificamerican.com,Female,17.189.62.172
628,Elvina,Thewys,ethewyshf@craigslist.org,Female,248.204.23.154
629,Bobbie,Willmett,bwillmetthg@who.int,Male,3.252.70.152
630,Lyndy,Cutmere,lcutmerehh@jimdo.com,Female,159.193.224.15
631,Consuelo,Slocumb,cslocumbhi@plala.or.jp,Female,236.211.214.102
632,Barny,Arnison,barnisonhj@macromedia.com,Male,255.156.167.32
633,Bastian,Cutchie,bcutchiehk@slate.com,Male,117.67.228.104
634,Ardisj,Luney,aluneyhl@facebook.com,Female,18.234.203.235
635,Elisabetta,Edeler,eedelerhm@google.ru,Female,122.190.45.227
636,Gregg,Phillps,gphillpshn@hostgator.com,Male,172.149.37.150
637,Josee,Cricket,jcricketho@theguardian.com,Female,20.30.226.194
638,Antonin,Habbes,ahabbeshp@nature.com,Male,91.1.14.226
639,Cindra,Badcock,cbadcockhq@wsj.com,Female,130.192.247.246
640,Eolanda,Neesam,eneesamhr@prweb.com,Female,57.102.124.60
641,Connie,Shone,cshonehs@blogtalkradio.com,Male,65.237.63.89
642,Lucy,Sweett,lsweettht@alexa.com,Female,246.139.49.136
643,Liliane,Dongall,ldongallhu@issuu.com,Female,201.235.218.135
644,Amanda,Littrik,alittrikhv@myspace.com,Female,210.71.5.178
645,Hugibert,Symcoxe,hsymcoxehw@dmoz.org,Male,192.247.165.9
646,Byram,Furzey,bfurzeyhx@amazon.co.jp,Male,111.61.144.240
647,Essy,Sommerlin,esommerlinhy@skype.com,Female,59.1.99.17
648,Darlleen,Bannister,dbannisterhz@wunderground.com,Female,86.112.181.193
649,Norine,MacCoughan,nmaccoughani0@ibm.com,Female,238.110.249.208
650,Gare,Heinrici,gheinricii1@netlog.com,Male,41.228.235.89
651,Heall,Leibold,hleiboldi2@51.la,Male,43.55.16.219
652,Edy,Houlison,ehoulisoni3@msn.com,Female,138.137.160.88
653,Gamaliel,Minette,gminettei4@360.cn,Male,100.42.176.157
654,Torrance,Burkert,tburkerti5@usa.gov,Male,24.118.99.52
655,Corri,Torres,ctorresi6@blog.com,Female,118.183.202.249
656,Shelagh,Haseman,shasemani7@clickbank.net,Female,235.172.201.61
657,Alyce,Bucher,abucheri8@narod.ru,Female,231.99.177.82
658,Deloria,Yeliashev,dyeliashevi9@dot.gov,Female,230.53.175.142
659,Remy,Pladen,rpladenia@typepad.com,Female,20.117.125.236
660,Shaine,Deniskevich,sdeniskevichib@wordpress.com,Male,34.168.102.241
661,Cherish,Alvar,calvaric@mapquest.com,Female,50.231.26.69
662,Wolfgang,Josofovitz,wjosofovitzid@cbc.ca,Male,231.178.244.0
663,Carri,Janeczek,cjaneczekie@amazonaws.com,Female,21.150.237.198
664,Edeline,Glasbey,eglasbeyif@paginegialle.it,Female,192.68.234.242
665,Daisy,Rogliero,droglieroig@businessinsider.com,Female,3.136.20.187
666,Kirby,Gorioli,kgorioliih@topsy.com,Female,41.87.116.160
667,Eugenius,Haddrill,ehaddrillii@google.pl,Male,146.154.156.198
668,Oswell,Andresen,oandresenij@phoca.cz,Male,172.105.136.161
669,Micheil,Mogford,mmogfordik@topsy.com,Male,114.149.216.241
670,Aymer,Farish,afarishil@wordpress.org,Male,167.177.32.254
671,Radcliffe,Wince,rwinceim@people.com.cn,Male,156.5.173.239
672,Stacee,Gornar,sgornarin@hugedomains.com,Female,120.165.172.108
673,Carlita,Ashard,cashardio@hibu.com,Female,95.252.131.164
674,Krishna,Redmain,kredmainip@boston.com,Male,199.198.67.94
675,Millie,de Guerre,mdeguerreiq@cpanel.net,Female,70.59.15.250
676,Gustave,Belson,gbelsonir@homestead.com,Male,157.46.106.13
677,Anjanette,Whitehorn,awhitehornis@eventbrite.com,Female,183.65.72.78
678,Vanni,Hambrook,vhambrookit@ehow.com,Female,43.232.170.130
679,Tomas,Matthaus,tmatthausiu@vkontakte.ru,Male,33.76.64.192
680,Lethia,Wickrath,lwickrathiv@mayoclinic.com,Female,255.80.140.76
681,Tristam,Keedy,tkeedyiw@nature.com,Male,194.248.202.194
682,Abeu,Swinburn,aswinburnix@amazonaws.com,Male,206.26.69.224
683,Daryl,Begg,dbeggiy@yolasite.com,Female,77.121.212.205
684,Lemuel,Bavin,lbaviniz@jiathis.com,Male,8.83.194.204
685,Whitney,Heart,wheartj0@google.pl,Female,155.195.239.171
686,Caterina,Gerrelts,cgerreltsj1@washingtonpost.com,Female,77.244.63.39
687,Wit,Argyle,wargylej2@upenn.edu,Male,181.84.226.201
688,Krishnah,Curtayne,kcurtaynej3@google.com.au,Male,185.158.175.210
689,Bearnard,Skedgell,bskedgellj4@archive.org,Male,21.114.133.12
690,Davis,Truse,dtrusej5@prlog.org,Male,33.72.251.230
691,Carry,Riguard,criguardj6@cpanel.net,Female,32.199.238.65
692,Liam,Bricham,lbrichamj7@prweb.com,Male,57.47.222.25
693,Leta,Comusso,lcomussoj8@state.gov,Female,154.127.171.182
694,Madonna,Yearns,myearnsj9@ucoz.ru,Female,75.169.48.65
695,Milissent,Kumar,mkumarja@mozilla.org,Female,26.76.241.213
696,Orelle,Ivanikov,oivanikovjb@google.pl,Female,216.83.18.103
697,Brear,Gianettini,bgianettinijc@blogs.com,Female,79.179.142.151
698,Serena,Goodboddy,sgoodboddyjd@nsw.gov.au,Female,181.74.48.196
699,Gale,Grundon,ggrundonje@etsy.com,Female,54.135.122.100
700,Jewel,Vearncomb,jvearncombjf@comsenz.com,Female,25.72.69.188
701,Rozele,McGairl,rmcgairljg@multiply.com,Female,133.235.178.198
702,Robers,Theyer,rtheyerjh@usnews.com,Male,179.128.153.108
703,Blayne,Shepland,bsheplandji@mayoclinic.com,Male,34.12.227.31
704,Marla,Matson,mmatsonjj@blogs.com,Female,62.110.178.245
705,Lindy,Stirley,lstirleyjk@phpbb.com,Male,153.74.43.234
706,Goldie,Nicolson,gnicolsonjl@livejournal.com,Female,172.247.75.12
707,Donnie,Craydon,dcraydonjm@deliciousdays.com,Male,77.101.33.102
708,Chen,Loud,cloudjn@nationalgeographic.com,Male,253.86.187.195
709,Griffy,Satchel,gsatcheljo@usnews.com,Male,80.29.211.255
710,Gustav,Cisson,gcissonjp@google.pl,Male,57.29.211.159
711,Waring,Carek,wcarekjq@paginegialle.it,Male,253.167.83.149
712,Roze,Levecque,rlevecquejr@hexun.com,Female,53.33.69.222
713,Baily,Frome,bfromejs@elpais.com,Male,188.215.119.190
714,Etan,Babbs,ebabbsjt@baidu.com,Male,164.87.2.83
715,Kevyn,Andrault,kandraultju@rakuten.co.jp,Female,101.48.206.187
716,Gerick,Avison,gavisonjv@wisc.edu,Male,210.136.157.63
717,Horten,O'Canavan,hocanavanjw@phoca.cz,Male,210.70.36.228
718,Stinky,Gilston,sgilstonjx@harvard.edu,Male,245.120.36.87
719,Royall,Northern,rnorthernjy@twitpic.com,Male,53.143.48.119
720,Ivett,Stanyer,istanyerjz@sciencedaily.com,Female,40.18.61.83
721,Lorena,Dye,ldyek0@prlog.org,Female,20.237.192.207
722,Hieronymus,Sunner,hsunnerk1@webs.com,Male,207.184.169.172
723,Garrard,Saltmarshe,gsaltmarshek2@joomla.org,Male,0.200.66.93
724,Leora,Guinnane,lguinnanek3@nsw.gov.au,Female,115.173.7.195
725,Erma,Pegden,epegdenk4@godaddy.com,Female,72.196.136.215
726,Felicio,Kertess,fkertessk5@cbslocal.com,Male,117.34.90.47
727,Vladamir,Simmings,vsimmingsk6@google.co.jp,Male,110.222.1.229
728,Gertie,Latliff,glatliffk7@sohu.com,Female,136.10.81.182
729,Lalo,Tommasi,ltommasik8@wiley.com,Male,61.170.79.134
730,Raphaela,Jeanel,rjeanelk9@cdbaby.com,Female,242.170.208.171
731,Vanna,Cromblehome,vcromblehomeka@unicef.org,Female,200.246.98.149
732,Beret,Hoffman,bhoffmankb@miitbeian.gov.cn,Female,74.117.193.192
733,Lowe,Drane,ldranekc@chicagotribune.com,Male,227.221.195.159
734,Mordy,Sillett,msillettkd@sun.com,Male,150.188.39.28
735,Barnard,Ivanilov,bivanilovke@wordpress.com,Male,215.134.135.7
736,Katherina,Mundle,kmundlekf@quantcast.com,Female,100.123.183.205
737,Finlay,Venny,fvennykg@creativecommons.org,Male,30.44.56.217
738,Jennette,Borborough,jborboroughkh@skype.com,Female,140.61.243.9
739,Leonelle,Walburn,lwalburnki@shutterfly.com,Female,55.99.120.178
740,Nance,Yandle,nyandlekj@wunderground.com,Female,189.166.104.2
741,Perle,Gornal,pgornalkk@dell.com,Female,250.88.55.13
742,Bertrand,Ahren,bahrenkl@constantcontact.com,Male,112.69.163.194
743,Anderson,Slegg,asleggkm@dot.gov,Male,129.43.76.175
744,Elizabeth,Pallesen,epallesenkn@webmd.com,Female,58.23.81.117
745,Adrien,Smyley,asmyleyko@oracle.com,Male,58.62.161.16
746,Karlie,Sanchiz,ksanchizkp@dell.com,Female,34.150.78.165
747,Nelle,Gimenez,ngimenezkq@webeden.co.uk,Female,82.46.112.232
748,Jeannie,Merington,jmeringtonkr@wikimedia.org,Female,202.124.232.235
749,Frederico,Pinchon,fpinchonks@reddit.com,Male,189.246.16.91
750,Henri,Turle,hturlekt@mapquest.com,Male,32.243.10.211
751,Tessy,Shute,tshuteku@google.com.au,Female,67.1.198.103
752,Goraud,Wathell,gwathellkv@discuz.net,Male,144.74.171.221
753,Earlie,Hinemoor,ehinemoorkw@independent.co.uk,Male,54.18.68.94
754,Teodoor,Deary,tdearykx@artisteer.com,Male,113.84.169.240
755,Weider,Kenrack,wkenrackky@liveinternet.ru,Male,255.103.39.84
756,Ailsun,Renault,arenaultkz@ovh.net,Female,4.182.135.133
757,Vera,Braben,vbrabenl0@fc2.com,Female,229.205.254.223
758,Thacher,McKniely,tmcknielyl1@bloomberg.com,Male,14.3.54.204
759,Tamar,O'Calleran,tocalleranl2@spiegel.de,Female,107.143.145.183
760,Mort,Geroldi,mgeroldil3@army.mil,Male,220.162.8.158
761,Jandy,Bream,jbreaml4@1688.com,Female,48.217.99.13
762,Kermit,Le Marquand,klemarquandl5@shareasale.com,Male,45.170.184.34
763,Guilbert,Tesmond,gtesmondl6@topsy.com,Male,150.77.126.99
764,Michel,Rickson,mricksonl7@oakley.com,Male,219.220.56.57
765,Jennette,Trethowan,jtrethowanl8@army.mil,Female,121.205.181.167
766,Bronny,Abden,babdenl9@archive.org,Male,63.223.121.40
767,Dorette,Yair,dyairla@reverbnation.com,Female,86.161.213.71
768,Lorin,Yeoman,lyeomanlb@psu.edu,Male,127.0.6.57
769,Jae,Tomkiss,jtomkisslc@goo.gl,Male,129.170.139.149
770,Ginny,Botcherby,gbotcherbyld@wikia.com,Female,164.81.75.41
771,Ingra,Dawkins,idawkinsle@vinaora.com,Male,216.248.192.216
772,Bud,Schubert,bschubertlf@de.vu,Male,219.235.225.229
773,Gearalt,Mattock,gmattocklg@multiply.com,Male,118.68.75.165
774,Sunshine,Scotchford,sscotchfordlh@umn.edu,Female,182.40.163.72
775,Bentley,Matas,bmatasli@youtube.com,Male,85.237.193.151
776,Pearl,Attewill,pattewilllj@google.ca,Female,51.190.35.155
777,Anita,Burgum,aburgumlk@csmonitor.com,Female,235.244.240.109
778,Lem,Denys,ldenysll@wiley.com,Male,165.146.114.205
779,Miriam,McMeyler,mmcmeylerlm@hud.gov,Female,207.232.223.186
780,Patty,Priditt,ppridittln@live.com,Male,20.36.31.228
781,Kiersten,Caldayrou,kcaldayroulo@vinaora.com,Female,95.147.100.153
782,Coop,Dumbrill,cdumbrilllp@myspace.com,Male,80.74.180.21
783,Danielle,Labitt,dlabittlq@umn.edu,Female,14.59.70.31
784,Shamus,Bottrill,sbottrilllr@liveinternet.ru,Male,82.194.87.62
785,Cobby,Poltun,cpoltunls@foxnews.com,Male,195.121.46.79
786,Hastings,Beeck,hbeecklt@newyorker.com,Male,127.102.4.246
787,Dyane,Gorring,dgorringlu@delicious.com,Female,192.146.105.139
788,Madlen,Oakeshott,moakeshottlv@who.int,Female,235.55.128.135
789,Gustavus,Lillyman,glillymanlw@photobucket.com,Male,200.42.47.159
790,Moira,Fedynski,mfedynskilx@wp.com,Female,140.184.15.209
791,Bebe,Rathke,brathkely@ocn.ne.jp,Female,238.159.139.42
792,Yank,Gertz,ygertzlz@sakura.ne.jp,Male,121.179.85.122
793,Merle,Couthard,mcouthardm0@telegraph.co.uk,Female,191.161.157.125
794,Stormi,Maruska,smaruskam1@bizjournals.com,Female,126.255.186.23
795,Salvatore,Leathlay,sleathlaym2@unblog.fr,Male,38.30.10.29
796,Lara,Ivashkin,livashkinm3@tmall.com,Female,108.43.57.107
797,Annice,McAirt,amcairtm4@adobe.com,Female,224.62.227.142
798,Gifford,Renad,grenadm5@cmu.edu,Male,161.219.234.104
799,Karel,Racher,kracherm6@noaa.gov,Female,16.89.195.191
800,Shauna,Trubshawe,strubshawem7@symantec.com,Female,251.232.237.28
801,Pip,Huggett,phuggettm8@yandex.ru,Male,104.160.181.179
802,Nell,Sturges,nsturgesm9@surveymonkey.com,Female,97.131.19.62
803,Neala,Deerness,ndeernessma@de.vu,Female,123.130.74.107
804,Sherlock,Barnsdall,sbarnsdallmb@newsvine.com,Male,50.215.155.78
805,Alfredo,Gilkes,agilkesmc@elpais.com,Male,173.252.124.200
806,Jena,Grichukhin,jgrichukhinmd@163.com,Female,0.105.171.65
807,Danny,Stannah,dstannahme@engadget.com,Female,240.4.236.91
808,Tudor,Plevin,tplevinmf@tiny.cc,Male,99.181.67.135
809,Ty,Plum,tplummg@dailymotion.com,Male,189.211.213.244
810,Pattie,Elwyn,pelwynmh@biglobe.ne.jp,Female,176.186.193.24
811,Mala,Confait,mconfaitmi@surveymonkey.com,Female,217.213.137.143
812,Beatrix,Berget,bbergetmj@berkeley.edu,Female,124.196.147.41
813,Danyette,Beckmann,dbeckmannmk@plala.or.jp,Female,47.96.156.222
814,Woody,Inchley,winchleyml@un.org,Male,180.190.197.92
815,Elsbeth,Darco,edarcomm@mashable.com,Female,54.89.3.204
816,Rossie,Tunno,rtunnomn@dedecms.com,Male,58.30.102.239
817,Heather,Stamper,hstampermo@adobe.com,Female,13.87.185.103
818,Harold,des Remedios,hdesremediosmp@pbs.org,Male,246.64.115.30
819,Bernete,Matantsev,bmatantsevmq@princeton.edu,Female,75.205.25.135
820,Meta,Perrinchief,mperrinchiefmr@businesswire.com,Female,82.40.175.217
821,Erinna,Boughtwood,eboughtwoodms@google.fr,Female,241.72.156.121
822,Hilary,Peattie,hpeattiemt@twitter.com,Male,210.10.235.122
823,Annaliese,Palfreyman,apalfreymanmu@boston.com,Female,246.120.191.170
824,Zorine,Poynter,zpoyntermv@gmpg.org,Female,72.15.233.185
825,Stephie,Maggiore,smaggioremw@pagesperso-orange.fr,Female,123.168.215.60
826,Benjy,Ambroisin,bambroisinmx@hatena.ne.jp,Male,39.139.153.142
827,Willy,Carlin,wcarlinmy@forbes.com,Female,218.230.37.22
828,Frayda,Satford,fsatfordmz@merriam-webster.com,Female,103.183.230.231
829,Mar,Forber,mforbern0@amazon.co.uk,Male,232.229.157.182
830,Waring,Pennings,wpenningsn1@sbwire.com,Male,184.60.65.149
831,Boris,Growcott,bgrowcottn2@jimdo.com,Male,255.146.207.35
832,Ruy,Beden,rbedenn3@jigsy.com,Male,25.240.93.183
833,Bartholemy,Garford,bgarfordn4@google.it,Male,187.226.45.133
834,Gilbertina,Harbert,gharbertn5@issuu.com,Female,40.191.223.190
835,Berrie,Abrahams,babrahamsn6@flickr.com,Female,29.253.136.27
836,Wilhelm,Corradino,wcorradinon7@tinyurl.com,Male,39.139.202.219
837,Orton,Mazonowicz,omazonowiczn8@imgur.com,Male,169.204.8.1
838,Jecho,Scurry,jscurryn9@cbc.ca,Male,55.244.181.49
839,Isa,Lush,ilushna@soundcloud.com,Male,34.56.239.235
840,Jordan,Ashbee,jashbeenb@liveinternet.ru,Male,42.103.158.44
841,Kellsie,Jobbings,kjobbingsnc@livejournal.com,Female,27.188.74.192
842,Lynde,Dyte,ldytend@shop-pro.jp,Female,36.157.188.112
843,Binky,Laffranconi,blaffranconine@ifeng.com,Male,26.225.22.44
844,Edgard,Sharplin,esharplinnf@soundcloud.com,Male,223.242.125.194
845,Spike,Morewood,smorewoodng@europa.eu,Male,105.86.47.136
846,Marc,Corkan,mcorkannh@pinterest.com,Male,13.117.35.145
847,Maryjane,Shobrook,mshobrookni@ask.com,Female,84.30.177.237
848,Tate,Grand,tgrandnj@ocn.ne.jp,Male,178.2.18.26
849,Ashli,Shakspeare,ashakspearenk@si.edu,Female,88.30.149.89
850,Ardith,Utteridge,autteridgenl@amazon.co.jp,Female,81.127.78.22
851,Jodi,Allwood,jallwoodnm@soup.io,Male,221.7.174.77
852,Asa,Cordey,acordeynn@upenn.edu,Male,218.92.161.196
853,Glenn,Loudyan,gloudyanno@netlog.com,Female,252.165.89.42
854,Man,Borgesio,mborgesionp@sitemeter.com,Male,184.74.92.26
855,Merle,Monelli,mmonellinq@vk.com,Female,230.105.187.141
856,Merlina,Gladden,mgladdennr@dyndns.org,Female,125.225.114.152
857,Christoper,Stubbley,cstubbleyns@prlog.org,Male,44.247.200.218
858,Brandais,Adamec,badamecnt@businessweek.com,Female,199.43.246.7
859,Mariann,Andrea,mandreanu@epa.gov,Female,173.44.34.76
860,Stanton,Tofpik,stofpiknv@opensource.org,Male,91.163.146.72
861,Laurene,Brockington,lbrockingtonnw@berkeley.edu,Female,121.154.254.87
862,Inge,Hardeman,ihardemannx@dailymail.co.uk,Female,2.220.13.41
863,Amory,Mignot,amignotny@discovery.com,Male,30.98.253.141
864,Winnifred,Tassel,wtasselnz@foxnews.com,Female,11.190.252.198
865,Barry,Sibbons,bsibbonso0@craigslist.org,Male,227.27.98.119
866,Stephana,Seignior,sseignioro1@friendfeed.com,Female,158.53.203.167
867,Lawton,Daoust,ldaousto2@apple.com,Male,42.116.246.139
868,Alix,Searchfield,asearchfieldo3@com.com,Male,40.243.7.70
869,Willette,Brayshaw,wbrayshawo4@theguardian.com,Female,237.18.173.105
870,Itch,Crowest,icrowesto5@narod.ru,Male,42.254.80.9
871,Raoul,Lutsch,rlutscho6@tumblr.com,Male,162.4.165.5
872,Alard,Yeaman,ayeamano7@pagesperso-orange.fr,Male,57.51.209.209
873,Cloe,Crampsey,ccrampseyo8@drupal.org,Female,25.37.62.39
874,Henryetta,Lagen,hlageno9@free.fr,Female,32.9.87.135
875,Bianka,Howle,bhowleoa@statcounter.com,Female,29.220.132.48
876,Quinn,Wakeham,qwakehamob@opera.com,Male,163.142.205.79
877,Lucho,Pendrid,lpendridoc@gnu.org,Male,248.157.28.4
878,Di,Ventom,dventomod@guardian.co.uk,Female,123.13.149.144
879,Annetta,Bouchard,abouchardoe@nationalgeographic.com,Female,66.88.6.115
880,Raviv,Luckie,rluckieof@tiny.cc,Male,254.105.161.49
881,Tessy,Roubay,troubayog@moonfruit.com,Female,107.21.55.1
882,Bartlet,Grabbam,bgrabbamoh@yellowpages.com,Male,130.234.109.125
883,Benny,Ventham,bventhamoi@state.tx.us,Male,46.133.48.185
884,Clarisse,Mattisssen,cmattisssenoj@abc.net.au,Female,52.18.23.249
885,Orran,Treweke,otrewekeok@purevolume.com,Male,140.136.118.150
886,Wenda,Gorgler,wgorglerol@sfgate.com,Female,133.81.112.215
887,Gabby,Rait,graitom@microsoft.com,Male,198.58.214.34
888,Trumann,Mc Queen,tmcqueenon@surveymonkey.com,Male,70.250.71.49
889,Shelia,Pollastro,spollastrooo@paginegialle.it,Female,13.21.25.3
890,Catha,Cornwall,ccornwallop@constantcontact.com,Female,153.248.74.97
891,Keven,Vousden,kvousdenoq@google.es,Male,154.162.181.211
892,Nerte,Halleybone,nhalleyboneor@whitehouse.gov,Female,7.209.129.87
893,Zak,Ferebee,zferebeeos@shinystat.com,Male,4.198.178.232
894,Malvin,Dunrige,mdunrigeot@smugmug.com,Male,177.139.6.239
895,Blakeley,McLaine,bmclaineou@cbslocal.com,Female,195.110.120.165
896,Manya,McConigal,mmcconigalov@mail.ru,Female,66.13.221.33
897,Marietta,Leitche,mleitcheow@livejournal.com,Male,97.60.84.230
898,Thea,Magowan,tmagowanox@tumblr.com,Female,130.250.223.173
899,Lurline,Swate,lswateoy@naver.com,Female,33.157.66.157
900,Daisy,Grece,dgreceoz@tiny.cc,Female,196.171.48.220
901,Cindie,Cavey,ccaveyp0@columbia.edu,Female,151.62.27.8
902,Haleigh,Cruickshanks,hcruickshanksp1@ed.gov,Male,34.87.210.231
903,Loria,Cloughton,lcloughtonp2@nasa.gov,Female,132.184.56.204
904,Garv,Juszczyk,gjuszczykp3@google.com.br,Male,74.45.209.237
905,Sheffield,Dincey,sdinceyp4@rakuten.co.jp,Male,195.158.24.24
906,Rudie,Kidman,rkidmanp5@parallels.com,Male,91.18.235.19
907,Clair,Martschke,cmartschkep6@devhub.com,Female,78.142.198.243
908,Freeman,Pechet,fpechetp7@ask.com,Male,144.245.154.41
909,Jeremiah,Munning,jmunningp8@washingtonpost.com,Male,127.26.236.203
910,Guillemette,Bartunek,gbartunekp9@elegantthemes.com,Female,168.62.93.180
911,Karalee,Lillgard,klillgardpa@storify.com,Female,58.7.65.184
912,Deck,Muscroft,dmuscroftpb@youku.com,Male,156.76.194.205
913,Kip,Lantuff,klantuffpc@taobao.com,Male,144.236.142.68
914,Sergio,Bottoner,sbottonerpd@washington.edu,Male,26.224.49.206
915,Francisco,Grainge,fgraingepe@issuu.com,Male,68.148.185.232
916,Denice,Vittet,dvittetpf@bloglines.com,Female,153.78.86.107
917,Neils,Gomersal,ngomersalpg@google.nl,Male,7.28.240.154
918,Stavro,Knoble,sknobleph@time.com,Male,206.59.225.24
919,Wilburt,Andreu,wandreupi@addthis.com,Male,11.120.206.78
920,Avigdor,Zuann,azuannpj@rediff.com,Male,202.81.144.111
921,Abdel,Lavelle,alavellepk@sciencedirect.com,Male,232.143.53.191
922,Ashly,Skidmore,askidmorepl@reddit.com,Female,254.134.204.251
923,Kendal,Barles,kbarlespm@mayoclinic.com,Male,137.110.228.150
924,Bearnard,Fuentes,bfuentespn@histats.com,Male,13.73.200.68
925,Cindra,Tetford,ctetfordpo@ed.gov,Female,206.104.195.84
926,Brandice,Magne,bmagnepp@cloudflare.com,Female,198.211.187.161
927,Malissa,Tumini,mtuminipq@desdev.cn,Female,13.61.10.195
928,Bendite,OIlier,boilierpr@bizjournals.com,Female,219.132.60.145
929,Tate,Goulborn,tgoulbornps@devhub.com,Female,67.83.229.147
930,Deane,Benmore,dbenmorept@time.com,Male,35.218.39.8
931,Lennard,Rawstron,lrawstronpu@cmu.edu,Male,34.156.97.186
932,Joseito,Sharrem,jsharrempv@independent.co.uk,Male,221.74.79.237
933,Jasper,Sedgefield,jsedgefieldpw@yahoo.com,Male,3.124.183.242
934,Aile,Porson,aporsonpx@timesonline.co.uk,Female,88.167.231.0
935,Winnie,Lemonby,wlemonbypy@home.pl,Female,131.151.217.17
936,Avictor,Boud,aboudpz@epa.gov,Male,235.173.172.97
937,Bronson,Dann,bdannq0@sourceforge.net,Male,112.115.151.52
938,Nicole,Ciabatteri,nciabatteriq1@un.org,Female,195.250.187.56
939,Robby,Nash,rnashq2@friendfeed.com,Female,31.111.126.70
940,Stacia,Hurford,shurfordq3@fc2.com,Female,51.122.95.98
941,Rebekkah,Luty,rlutyq4@e-recht24.de,Female,10.70.85.118
942,Kathe,Shynn,kshynnq5@jalbum.net,Female,100.79.67.142
943,Ramsay,Olliver,rolliverq6@timesonline.co.uk,Male,174.111.121.157
944,Halley,Forsbey,hforsbeyq7@reddit.com,Female,119.145.14.205
945,Lila,Habbeshaw,lhabbeshawq8@sogou.com,Female,61.215.162.55
946,Sim,Macourek,smacourekq9@answers.com,Male,129.115.241.81
947,Matelda,Aristide,maristideqa@ocn.ne.jp,Female,174.232.198.238
948,Madella,Billany,mbillanyqb@tripod.com,Female,115.181.124.130
949,Cly,Boal,cboalqc@w3.org,Male,223.4.75.222
950,Mirella,Gingedale,mgingedaleqd@nifty.com,Female,58.137.235.249
951,Jefferson,Winsbury,jwinsburyqe@bloglovin.com,Male,194.248.193.154
952,Deane,Ivanaev,divanaevqf@noaa.gov,Female,2.140.170.160
953,Ignazio,Iacapucci,iiacapucciqg@free.fr,Male,187.57.209.189
954,Kendrick,Grayley,kgrayleyqh@google.co.uk,Male,15.79.37.216
955,Abraham,Burborough,aburboroughqi@economist.com,Male,129.44.148.176
956,Scottie,McKeefry,smckeefryqj@cbslocal.com,Male,32.154.184.211
957,Farica,Sheaber,fsheaberqk@tuttocitta.it,Female,189.12.88.148
958,Tatiana,Espino,tespinoql@alibaba.com,Female,128.216.171.179
959,Reynard,Cushion,rcushionqm@prlog.org,Male,3.164.130.193
960,Giulio,Witherspoon,gwitherspoonqn@thetimes.co.uk,Male,252.34.61.45
961,Nadeen,Kelemen,nkelemenqo@jiathis.com,Female,172.79.220.17
962,Ursulina,Woodyer,uwoodyerqp@gnu.org,Female,12.223.234.98
963,Shelby,Gomersall,sgomersallqq@ibm.com,Male,76.113.97.174
964,Joelie,Hamments,jhammentsqr@tripod.com,Female,6.4.52.206
965,Nolly,Ingerman,ningermanqs@surveymonkey.com,Male,225.221.236.171
966,Alexis,Dumbarton,adumbartonqt@nationalgeographic.com,Male,77.54.131.8
967,Chrissy,Feilden,cfeildenqu@jiathis.com,Male,42.196.49.251
968,Damiano,Pettko,dpettkoqv@furl.net,Male,68.167.2.152
969,Francesco,Hudspith,fhudspithqw@topsy.com,Male,111.53.245.54
970,Morse,Antonov,mantonovqx@wired.com,Male,243.158.172.227
971,Case,Buddle,cbuddleqy@google.co.uk,Male,186.141.71.178
972,Brandy,Blowin,bblowinqz@prlog.org,Male,39.223.18.32
973,Rice,Beinisch,rbeinischr0@cbc.ca,Male,35.201.186.101
974,Aube,Stonebanks,astonebanksr1@cisco.com,Male,96.142.56.63
975,Stormi,Twigley,stwigleyr2@uiuc.edu,Female,73.59.159.235
976,Lauryn,Pfeiffer,lpfeifferr3@facebook.com,Female,241.110.35.67
977,Elayne,Isakov,eisakovr4@hao123.com,Female,111.211.126.33
978,Daniele,O'Hannay,dohannayr5@printfriendly.com,Female,54.227.54.28
979,Malia,Worgan,mworganr6@jimdo.com,Female,75.101.199.59
980,Alfie,Bertolaccini,abertolaccinir7@multiply.com,Female,42.185.87.47
981,Cullan,Whittock,cwhittockr8@wordpress.org,Male,219.62.246.187
982,Jenna,Springell,jspringellr9@toplist.cz,Female,97.207.113.190
983,Gayle,Waiton,gwaitonra@tripadvisor.com,Male,237.21.7.187
984,Meridith,Hincks,mhincksrb@ow.ly,Female,210.139.3.203
985,Kerry,Hubbins,khubbinsrc@cnet.com,Male,251.221.78.37
986,Hope,Wardesworth,hwardesworthrd@163.com,Female,63.45.66.178
987,Aggi,Scrane,ascranere@list-manage.com,Female,112.123.50.4
988,Brear,Trengove,btrengoverf@economist.com,Female,22.75.220.219
989,Silvio,Ostler,sostlerrg@hostgator.com,Male,4.180.41.30
990,Theadora,Lifsey,tlifseyrh@edublogs.org,Female,133.45.209.199
991,Aleen,Swaden,aswadenri@meetup.com,Female,6.84.195.153
992,Rafaello,Steel,rsteelrj@ebay.co.uk,Male,137.37.243.146
993,Blondell,Abelevitz,babelevitzrk@jugem.jp,Female,255.194.141.205
994,Cthrine,Buey,cbueyrl@census.gov,Female,176.73.119.108
995,Dalis,McCheyne,dmccheynerm@webmd.com,Male,248.198.196.212
996,Ardine,Breming,abremingrn@ucoz.com,Female,83.0.106.18
997,Myron,Diprose,mdiprosero@discuz.net,Male,23.32.143.54
998,Marmaduke,Casbolt,mcasboltrp@ucla.edu,Male,209.217.183.78
999,Seline,Jeal,sjealrq@hibu.com,Female,14.215.139.135
1000,Rouvin,Kinner,rkinnerrr@telegraph.co.uk,Male,140.24.20.80
